domain,channel,at,note
hexwired.com,email,2026-09-02T16:38:41.579Z,Hexwired
arcitrecruitment.com,email,2026-09-02T16:38:57.886Z,ARC IT Recruitment
open-source.io,email,2026-09-02T16:39:17.962Z,OpenSource
rwaconsultants.com,email,2026-09-02T16:39:37.925Z,Richard Wheeler Associates
corriculo.co.uk,email,2026-09-02T16:39:57.812Z,Corriculo
adriasolutions.co.uk,email,2026-09-02T16:40:18.249Z,Adria Solutions
isr.uk.com,email,2026-09-02T16:40:38.106Z,ISR Recruitment
altasu.com,email,2026-09-02T16:40:58.086Z,Altasu Recruitment Group
interfacerecruitment.co.uk,email,2026-09-02T16:41:18.000Z,Interface Recruitment
affecto.co.uk,email,2026-09-02T16:41:38.041Z,Affecto Recruitment
cpsgroupuk.com,email,2026-09-02T16:41:58.101Z,CPS Group UK
weareninetwenty.com,email,2026-09-02T16:42:18.055Z,Nine Twenty
cathcarttechnology.com,email,2026-09-02T16:42:38.063Z,Cathcart Technology
mcnallyrecruitment.com,email,2026-09-02T16:42:58.153Z,McNally Recruitment
platform-recruitment.com,email,2026-09-02T16:43:18.135Z,Platform Recruitment
bristowholland.com,email,2026-09-02T16:43:38.402Z,Bristow Holland
betterdaysrecruitment.com,email,2026-09-02T16:43:58.103Z,Better Days Recruitment
rockstarselection.com,email,2026-09-02T16:44:18.058Z,Rockstar Selection
touchscreentalent.co.uk,email,2026-09-02T16:44:38.095Z,Touchscreen Talent
vivotalent.com,email,2026-09-02T16:44:58.246Z,Vivo Talent Solutions
applauseit.co.uk,email,2026-09-02T16:45:18.117Z,Applause IT
spectrumit.co.uk,email,2026-09-02T16:45:38.115Z,Spectrum IT Recruitment
infosecpeople.co.uk,email,2026-09-02T16:45:58.178Z,InfoSec People
cloudrecruituk.co.uk,email,2026-09-02T16:46:18.276Z,Cloud Recruit UK
harrisonholgate.com,email,2026-09-02T16:46:38.200Z,Harrison Holgate
